1,55,82,1,2026-10-07 21:39:07.991351
1,450,82,0,2026-10-07 21:39:20.998704
1,450,82,1,2026-10-07 21:39:34.522795
1,945,82,0,2026-10-07 21:39:47.527543
1,55,82,1,2026-10-07 21:40:00.536206
1,450,82,0,2026-10-07 21:40:13.557433
1,450,82,1,2026-10-07 21:40:27.070126
1,945,82,0,2026-10-07 21:40:40.075777
1,55,82,1,2026-10-07 21:42:45.367763
1,450,82,0,2026-10-07 21:42:58.372314
1,450,82,1,2026-10-07 21:43:11.881995
1,945,82,0,2026-10-07 21:43:24.889524
2,55,82,1,2026-10-07 21:43:37.894575
2,450,82,0,2026-10-07 21:43:50.908515
2,450,82,1,2026-10-07 21:44:04.425705
2,945,82,0,2026-10-07 21:44:17.433523
3,55,82,1,2026-10-07 21:44:30.440374
3,450,82,0,2026-10-07 21:44:43.444662
3,450,82,1,2026-10-07 21:44:56.973534
3,945,82,0,2026-10-07 21:45:09.979550
